[
  {
    "model": "app.Direction",
    "pk": 1,
    "fields": {
      "name": "Программная инженерия",
      "number": "09.03.04",
      "qualification": "Бакалавриат"
    }
  },
  {
    "model": "app.Profile",
    "pk": 1,
    "fields": {
      "name": "Технологии разработки информационных систем",
      "direction": 1
    }
  },
  {
    "model": "app.ProgramName",
    "pk": 1,
    "fields": {
      "name": "Теория информации и кодирования"
    }
  },
  {
    "model": "app.Competence",
    "pk": 1,
    "fields": {
      "name": "Владение навыками моделирования, анализа и использования формальных методов конструирования программного обеспечения, способность формализовать предметную область программного проекта и разработать спецификации для компонентов программного продукта",
      "cipher": "ПК-4",
      "program_name": [1]
    }
  },
  {
    "model": "app.Program",
    "pk": 1,
    "fields": {
      "release_date": "2020-06-19",
      "program_name": 1,
      "profile": 1,
      "language_choices": "русский",
      "type_discipline": "базовая",
      "material_technical_base": "Помещения для самостоятельной работы обучающихся, укомплектованные специализированной мебелью (столы и стулья) и оснащенные компьютерной техникой с возможностью подключения к сети \"Интернет\" и обеспечением доступа в электронную информационно-образовательную среду КФУ. Учебные аудитории для контактной работы с преподавателем, укомплектованные специализированной мебелью (столы и стулья). Компьютер и принтер для распечатки раздаточных материалов. Мультимедийная аудитория. Компьютерный класс.",
      "form_training": "очное"
    }
  },
  {
    "model": "app.Author",
    "pk": 1,
    "fields": {
      "last_name": "Салимов",
      "first_name": "Ф.",
      "patronymic_name": "И.",
      "cathedra": "кафедра теоретической кибернетики",
      "institute": "отделение фундаментальной информатики и информационных технологий",
      "email": "Farid.Salimov@kpfu.ru",
      "academic_degree": "К.Н",
      "academic_position": "доцент",
      "program": 1
    }
  },
  {
    "model": "app.StudentMust",
    "pk": 1,
    "fields": {
      "text": "как измеряется информация, законы изменения количества информации при ее преобразовании",
      "must_choices": "знать",
      "program": 1
    }
  },
  {
    "model": "app.StudentMust",
    "pk": 2,
    "fields": {
      "text": "современные информационные технологии",
      "must_choices": "знать",
      "program": 1
    }
  },
  {
    "model": "app.StudentMust",
    "pk": 3,
    "fields": {
      "text": "какие средства существуют для борьбы с помехами",
      "must_choices": "знать",
      "program": 1
    }
  },
  {
    "model": "app.StudentMust",
    "pk": 4,
    "fields": {
      "text": "как устроены алгоритмы сжатия информации",
      "must_choices": "знать",
      "program": 1
    }
  },
  {
    "model": "app.StudentMust",
    "pk": 5,
    "fields": {
      "text": "современные информационные технологии",
      "must_choices": "знать",
      "program": 1
    }
  },
  {
    "model": "app.StudentMust",
    "pk": 6,
    "fields": {
      "text": "применять на практике знания, полученные по курсу 'Теория информации'",
      "must_choices": "уметь",
      "program": 1
    }
  },
  {
    "model": "app.StudentMust",
    "pk": 7,
    "fields": {
      "text": "применять вероятностный и информационный подход к смежным дисциплинам",
      "must_choices": "уметь",
      "program": 1
    }
  },
  {
    "model": "app.StudentMust",
    "pk": 8,
    "fields": {
      "text": "самостоятельно приобретать новые знания в области кодирования и передачи сигналов",
      "must_choices": "уметь",
      "program": 1
    }
  },
  {
    "model": "app.StudentMust",
    "pk": 9,
    "fields": {
      "text": "теоретическими знаниями о свойствах энтропии",
      "must_choices": "владеть",
      "program": 1
    }
  },{
    "model": "app.StudentMust",
    "pk": 10,
    "fields": {
      "text": "знать определения эргодического источника, канала",
      "must_choices": "владеть",
      "program": 1
    }
  },
  {
    "model": "app.StudentMust",
    "pk": 11,
    "fields": {
      "text": "уметь доказывать основные теоремы кодирования для дискретных источников и каналов",
      "must_choices": "владеть",
      "program": 1
    }
  },
  {
    "model": "app.StudentMust",
    "pk": 12,
    "fields": {
      "text": "знать строение основных помехоустойчивых кодов, знать оценки предельного сжатия информации",
      "must_choices": "владеть",
      "program": 1
    }
  },
  {
    "model": "app.InternetResource",
    "pk": 1,
    "fields": {
      "name": "В.В. Лидовский Теория информации",
      "link": "http://www.mccme.ru/free- books/izdano/2004/it_ebook1.pdf",
      "program": 1
    }
  },
  {
    "model": "app.InternetResource",
    "pk": 2,
    "fields": {
      "name": "Основы теории информации и криптографии",
      "link": "http://www.intuit.ru/studies/courses/2256/140/info",
      "program": 1
    }
  },
  {
    "model": "app.InternetResource",
    "pk": 3,
    "fields": {
      "name": "Теория информации и кодирования",
      "link": "http://dspace.kpfu.ru/xmlui/bitstream/handle/net/21172/50_000337.pdf",
      "program": 1
    }
  },
  {
    "model": "app.ThematicPlan",
    "pk": 1,
    "fields": {
      "theme": "Понятие информации, энтропии",
      "semester_number": 5,
      "text": "Системы связи источник, кодер, канал, декодер, адресат. Дискретные источники. Стационарные источники. Свойство эргодичности. Эргодичность бернуллиевского источника. Понятие энтропии. Вывод формулы энтропии. Свойства энтропии. Условная энтропия. Теорема о максимальном значении энтропии. Определение взаимной информации, связь взаимной информации и энтропии. Свойства взаимной информации.",
      "program": 1
    }
  },
  {
    "model": "app.ThematicPlan",
    "pk": 2,
    "fields": {
      "theme": "Равномерное кодирование источников",
      "semester_number": 5,
      "text": "Задача кодирования дискретного источника кодами равной длины. Постановка задачи. Модель равномерного кодирования, предложенная Шенноном. Теорема о высоковероятных множествах. Примеры высоковероятных множеств. Прямая и обратная теоремы кодирования Шеннона для дискретного источника кодами равной длины.",
      "program": 1
    }
  },
  {
    "model": "app.ThematicPlan",
    "pk": 3,
    "fields": {
      "theme": "Задача кодирования дискретного источника кодами неравной длины. Сжатие информации.",
      "semester_number": 5,
      "text": "Задача кодирования дискретного источника кодами неравной длины. Постановка задачи. Разрешимость задачи определения однозначной дешифрируемости. Теорема кодирования дискретного источника кодами неравной длины. Алгоритмы построения оптимальных кодов Словарные методы сжатия информации. Задача кодирования дискретного источника кодами неравной длины. Постановка задачи. Разрешимость задачи определения однозначной дешифрируемости. Теорема кодирования дискретного источника кодами неравной длины. Алгоритмы построения оптимальных кодов Словарные методы сжатия информации.",
      "program": 1
    }
  },
  {
    "model": "app.ThematicPlan",
    "pk": 4,
    "fields": {
      "theme": "Дискретные каналы и их свойства",
      "semester_number": 5,
      "text": "Дискретные каналы и их свойства. Скорость передачи информации в канале. Пропускная способность канала. Расширение канала и его пропускная способность. Вероятность ошибки декодирования в канале. Прямая теорема кодирования Шеннона для дискретного канала без памяти. Обращение теоремы кодирования Шеннона",
      "program": 1
    }
  },
  {
    "model": "app.ThematicPlan",
    "pk": 5,
    "fields": {
      "theme": "Теория помехоустойчивого кодирования.",
      "semester_number": 5,
      "text": "Теория помехоустойчивого кодирования. Метрика Хэмминга. Конечные поля и их свойства. Линейные коды и их свойства. Вычисление кодового расстояния для линейных кодов. Метод максимального правдоподобия. Процедура декодирования линейных кодов. Коды Хэмминга. Циклические коды и их свойства.",
      "program": 1
    }
  },
  {
    "model": "app.LessonForm",
    "pk": 1,
    "fields": {
      "name": "лекции",
      "text": "Поскольку курс собирается из разных источников, каждый из которых опирается на собственную терминологию, необходимо посещать все лекции, дома прорабатывать материал предыдущей лекции, стараться осознать место материала, изложенного в лекции в составе всего курса, уметь классифицировать различные подходы к решению задач."
    }
  },
  {
    "model": "app.LessonForm",
    "pk": 2,
    "fields": {
      "name": "практические занятия",
      "text": "При решении задач на практических занятиях студент должен построить математическую модель задачи, сформулировать решаемую задачу в рамках этой модели, продумать и обосновать методы предлагаемого решения. При этом необходимо обращать внимание на связь с другими разделами математики (теория вероятностей, математический анализ, теория сложности)."
    }
  },
  {
    "model": "app.LessonForm",
    "pk": 3,
    "fields": {
      "name": "лабораторные работы",
      "text": ""
    }
  },
  {
    "model": "app.LessonForm",
    "pk": 4,
    "fields": {
      "name": "экзамен",
      "text": "В целом, при изучении курса студенты должны знать основные положения теории вероятностей. Необходимо обратить внимание на различные подходы определения оценки количества информации, свойства энтропии. Студенты должны научиться решать задачи на определение количества содержащейся в различных объектах информации, определять эффективность используемых кодов. При решении задач на вычисление энтропии студенты должны обратить внимание на определение и свойства энтропии, на преобразование логарифмической функции. При изучении различных способов кодирования, необходимо уметь определять однозначность декодирования предлагаемого кода, уметь оценивать значение целевой функции, определяющей эффективность кода, уметь сравнивать различные параметры создаваемого кода. При изучении дискретных каналов необходимо уметь вычислять скорость передачи информации, решать экстремальные задачи при определении пропускной способности. При изучении помехоустойчивого кодирования необходимы знания из теории групп, теории колец, теории конечных полей."
    }
  },
  {
    "model": "app.LessonForm",
    "pk": 5,
    "fields": {
      "name": "самостоятельная работа",
      "text": "В процессе самостоятельной работы необходимо обратить внимание на свойства энтропии, содержательную интерпретацию результатов,разобраться в целесообразности применения того или иного подхода. Необходимо разобраться в теоремах кодирования источников и каналов, понять их взаимосвязь, попробывать запрограммировать некоторые алгоритмы сжатия информации."
    }
  },
  {
    "model": "app.ThematicPlanFormLesson",
    "pk": 1,
    "fields": {
      "count": 4,
      "thematic_plan": 1,
      "lesson_form": 1
    }
  },
  {
    "model": "app.ThematicPlanFormLesson",
    "pk": 2,
    "fields": {
      "count": 4,
      "thematic_plan": 1,
      "lesson_form": 2
    }
  },
  {
    "model": "app.ThematicPlanFormLesson",
    "pk": 3,
    "fields": {
      "count": 0,
      "thematic_plan": 1,
      "lesson_form": 3
    }
  },
  {
    "model": "app.ThematicPlanFormLesson",
    "pk": 4,
    "fields": {
      "count": 2,
      "thematic_plan": 1,
      "lesson_form": 5
    }
  },
  {
    "model": "app.ThematicPlanFormLesson",
    "pk": 5,
    "fields": {
      "count": 8,
      "thematic_plan": 2,
      "lesson_form": 1
    }
  },
  {
    "model": "app.ThematicPlanFormLesson",
    "pk": 6,
    "fields": {
      "count": 6,
      "thematic_plan": 2,
      "lesson_form": 2
    }
  },
  {
    "model": "app.ThematicPlanFormLesson",
    "pk": 7,
    "fields": {
      "count": 0,
      "thematic_plan": 2,
      "lesson_form": 3
    }
  },
  {
    "model": "app.ThematicPlanFormLesson",
    "pk": 8,
    "fields": {
      "count": 4,
      "thematic_plan": 2,
      "lesson_form": 5
    }
  },
  {
    "model": "app.ThematicPlanFormLesson",
    "pk": 9,
    "fields": {
      "count": 10,
      "thematic_plan": 3,
      "lesson_form": 1
    }
  },
  {
    "model": "app.ThematicPlanFormLesson",
    "pk": 10,
    "fields": {
      "count": 12,
      "thematic_plan": 3,
      "lesson_form": 2
    }
  },
  {
    "model": "app.ThematicPlanFormLesson",
    "pk": 11,
    "fields": {
      "count": 0,
      "thematic_plan": 3,
      "lesson_form": 3
    }
  },
  {
    "model": "app.ThematicPlanFormLesson",
    "pk": 12,
    "fields": {
      "count": 4,
      "thematic_plan": 3,
      "lesson_form": 5
    }
  },
  {
    "model": "app.ThematicPlanFormLesson",
    "pk": 13,
    "fields": {
      "count": 6,
      "thematic_plan": 4,
      "lesson_form": 1
    }
  },
  {
    "model": "app.ThematicPlanFormLesson",
    "pk": 14,
    "fields": {
      "count": 6,
      "thematic_plan": 4,
      "lesson_form": 2
    }
  },
  {
    "model": "app.ThematicPlanFormLesson",
    "pk": 15,
    "fields": {
      "count": 0,
      "thematic_plan": 4,
      "lesson_form": 3
    }
  },
  {
    "model": "app.ThematicPlanFormLesson",
    "pk": 16,
    "fields": {
      "count": 4,
      "thematic_plan": 4,
      "lesson_form": 5
    }
  },
  {
    "model": "app.ThematicPlanFormLesson",
    "pk": 17,
    "fields": {
      "count": 8,
      "thematic_plan": 5,
      "lesson_form": 1
    }
  },
  {
    "model": "app.ThematicPlanFormLesson",
    "pk": 18,
    "fields": {
      "count": 8,
      "thematic_plan": 5,
      "lesson_form": 2
    }
  },
  {
    "model": "app.ThematicPlanFormLesson",
    "pk": 19,
    "fields": {
      "count": 0,
      "thematic_plan": 5,
      "lesson_form": 3
    }
  },
  {
    "model": "app.ThematicPlanFormLesson",
    "pk": 20,
    "fields": {
      "count": 4,
      "thematic_plan": 5,
      "lesson_form": 5
    }
  },
  {
    "model": "app.Curriculum",
    "pk": 1,
    "fields": {
      "program_name": 1,
      "profile": 1,
      "semester_number": [5],
      "exam": true,
      "test": false
    }
  },
  {
    "model": "app.CurriculumLessonForm",
    "pk": 1,
    "fields": {
      "curriculum": 1,
      "count": 36,
      "lesson_form": 1
    }
  },
  {
    "model": "app.CurriculumLessonForm",
    "pk": 2,
    "fields": {
      "curriculum": 1,
      "count": 36,
      "lesson_form": 2
    }
  },
  {
    "model": "app.CurriculumLessonForm",
    "pk": 3,
    "fields": {
      "curriculum": 1,
      "count": 18,
      "lesson_form": 3
    }
  },
  {
    "model": "app.CurriculumLessonForm",
    "pk": 4,
    "fields": {
      "curriculum": 1,
      "count": 36,
      "lesson_form": 4
    }
  }
]
